row_id,sales_date,noise,weekday_boost,meals_sold,avg_meal_price,customer_count,customer_rating
1,2023-01-01,-11,70,459,84.31,339,3.9
2,2023-01-02,2,0,402,176.3,349,4.1
3,2023-01-03,-15,10,395,124.53,389,4.6
4,2023-01-04,-10,20,410,97.56,369,4.9
5,2023-01-05,4,30,434,184.71,260,4.8
6,2023-01-06,0,80,480,79.12,220,3.8
7,2023-01-07,-9,100,491,178.46,174,4.8
8,2023-01-08,-1,70,469,90.19,379,4.4
9,2023-01-09,11,0,411,133.98,338,4.2
10,2023-01-10,14,10,424,93.03,374,4.2
11,2023-01-11,9,20,429,93.56,213,4.7
12,2023-01-12,-15,30,415,123.28,309,4.7
13,2023-01-13,-3,80,477,180.4,325,3.8
14,2023-01-14,-15,100,485,70.08,176,4.1
15,2023-01-15,8,70,478,178.11,285,3.8
16,2023-01-16,-2,0,398,186.12,330,4.3
17,2023-01-17,11,10,421,181.61,174,4.8
18,2023-01-18,11,20,431,74.25,192,3.9
19,2023-01-19,-2,30,428,80.33,308,3.8
20,2023-01-20,14,80,494,99.03,350,4.2
21,2023-01-21,11,100,511,76.0,241,4.3
22,2023-01-22,-9,70,461,171.5,119,4.7
23,2023-01-23,-13,0,387,124.47,190,4.0
24,2023-01-24,6,10,416,118.72,319,5.0
25,2023-01-25,5,20,425,129.96,154,4.7
26,2023-01-26,-2,30,428,193.25,291,4.9
27,2023-01-27,12,80,492,162.39,242,4.8
28,2023-01-28,11,100,511,195.4,273,3.7
29,2023-01-29,-7,70,463,122.5,310,5.0
30,2023-01-30,-7,0,393,171.3,116,4.7
31,2023-01-31,-9,10,401,139.89,302,3.7
32,2023-02-01,-9,20,411,105.73,283,3.6
33,2023-02-02,9,30,439,65.16,221,4.9
34,2023-02-03,14,80,494,129.93,287,4.7
35,2023-02-04,-12,100,488,192.33,211,3.6
36,2023-02-05,-6,70,464,181.45,196,4.8
37,2023-02-06,-11,0,389,114.4,316,3.6
38,2023-02-07,6,10,416,86.7,275,3.9
39,2023-02-08,-7,20,413,111.7,166,4.4
40,2023-02-09,1,30,431,79.67,396,4.0
41,2023-02-10,-9,80,471,187.53,214,4.9
42,2023-02-11,-12,100,488,91.34,203,4.1
43,2023-02-12,13,70,483,80.74,270,4.4
44,2023-02-13,-14,0,386,61.61,107,4.0
45,2023-02-14,-15,10,395,186.34,266,4.4
46,2023-02-15,8,20,428,181.76,332,3.9
47,2023-02-16,-12,30,418,82.72,377,3.8
48,2023-02-17,5,80,485,96.7,370,3.9
49,2023-02-18,10,100,510,64.64,116,3.8
50,2023-02-19,4,70,474,126.71,239,3.8
51,2023-02-20,15,0,415,168.4,151,4.8
52,2023-02-21,-10,10,400,93.17,385,3.5
53,2023-02-22,14,20,434,137.74,385,4.4
54,2023-02-23,-14,30,416,80.36,177,4.9
55,2023-02-24,12,80,492,147.55,400,4.6
56,2023-02-25,14,100,514,115.18,310,3.8
57,2023-02-26,6,70,476,118.56,120,4.2
58,2023-02-27,5,0,405,117.7,300,3.6
59,2023-02-28,-4,10,406,120.11,186,4.8
60,2023-03-01,8,20,428,158.13,122,4.6
61,2023-03-02,14,30,444,134.65,285,4.9
62,2023-03-03,-10,80,470,158.68,262,3.6
63,2023-03-04,-14,100,486,102.35,125,3.7
64,2023-03-05,-13,70,457,142.59,210,4.0
65,2023-03-06,-6,0,394,76.29,228,3.9
66,2023-03-07,-8,10,402,62.98,284,3.7
67,2023-03-08,3,20,423,103.31,191,3.5
68,2023-03-09,-14,30,416,132.98,235,4.4
69,2023-03-10,-14,80,466,182.03,400,4.7
70,2023-03-11,9,100,509,181.75,343,4.3
71,2023-03-12,12,70,482,73.16,336,3.8
72,2023-03-13,-12,0,388,147.41,140,4.8
73,2023-03-14,-2,10,408,113.38,279,4.8
74,2023-03-15,-1,20,419,96.33,355,4.3
75,2023-03-16,9,30,439,76.26,222,4.7
76,2023-03-17,13,80,493,80.87,300,4.9
77,2023-03-18,-9,100,491,110.25,242,4.3
78,2023-03-19,4,70,474,175.93,157,4.0
79,2023-03-20,-1,0,399,130.61,109,4.2
80,2023-03-21,-1,10,409,98.12,215,3.8
81,2023-03-22,0,20,420,124.92,210,4.0
82,2023-03-23,13,30,443,116.36,332,4.9
83,2023-03-24,13,80,493,185.92,213,3.7
84,2023-03-25,-14,100,486,150.67,358,4.3
85,2023-03-26,4,70,474,198.26,210,4.8
86,2023-03-27,0,0,400,174.6,215,4.2
87,2023-03-28,-9,10,401,143.87,381,4.0
88,2023-03-29,-7,20,413,149.37,135,3.8
89,2023-03-30,-15,30,415,129.52,235,3.8
90,2023-03-31,-3,80,477,145.87,275,4.0
91,2023-04-01,10,100,510,177.48,249,4.1
92,2023-04-02,-1,70,469,83.01,269,4.6
93,2023-04-03,7,0,407,168.41,101,4.6
94,2023-04-04,12,10,422,115.12,328,4.4
95,2023-04-05,-2,20,418,77.86,309,4.2
96,2023-04-06,9,30,439,185.91,338,4.2
97,2023-04-07,7,80,487,151.91,197,3.7
98,2023-04-08,13,100,513,150.84,242,4.1
99,2023-04-09,5,70,475,197.81,399,4.7
100,2023-04-10,-15,0,385,154.01,246,3.9
101,2023-04-11,15,10,425,134.76,247,4.4
102,2023-04-12,13,20,433,87.98,282,3.9
103,2023-04-13,0,30,430,197.24,291,4.5
104,2023-04-14,4,80,484,89.46,279,4.5
105,2023-04-15,2,100,502,172.81,185,4.1
106,2023-04-16,-7,70,463,121.27,399,4.1
107,2023-04-17,11,0,411,193.79,271,4.1
108,2023-04-18,-7,10,403,109.18,108,4.3
109,2023-04-19,15,20,435,174.71,259,4.7
110,2023-04-20,-5,30,425,181.57,117,4.8
111,2023-04-21,12,80,492,146.27,279,4.1
112,2023-04-22,-13,100,487,122.79,373,5.0
113,2023-04-23,3,70,473,120.56,183,4.8
114,2023-04-24,10,0,410,61.8,277,4.4
115,2023-04-25,3,10,413,70.91,326,4.9
116,2023-04-26,-8,20,412,175.36,242,4.4
117,2023-04-27,13,30,443,182.77,293,4.3
118,2023-04-28,14,80,494,174.25,302,3.7
119,2023-04-29,-5,100,495,62.59,299,4.4
120,2023-04-30,-13,70,457,171.34,202,4.1
121,2023-05-01,7,0,407,171.92,120,4.0
122,2023-05-02,-8,10,402,84.35,156,3.7
123,2023-05-03,1,20,421,75.07,240,3.6
124,2023-05-04,-15,30,415,163.29,208,4.2
125,2023-05-05,-10,80,470,76.34,167,4.9
126,2023-05-06,-14,100,486,117.81,322,4.2
127,2023-05-07,-8,70,462,156.51,258,4.8
128,2023-05-08,13,0,413,145.84,384,4.2
129,2023-05-09,14,10,424,139.22,232,4.8
130,2023-05-10,-14,20,406,169.3,384,4.9
131,2023-05-11,-11,30,419,189.73,114,4.3
132,2023-05-12,-2,80,478,187.05,140,4.4
133,2023-05-13,7,100,507,68.58,310,4.9
134,2023-05-14,-7,70,463,87.46,342,4.8
135,2023-05-15,-9,0,391,157.02,290,4.4
136,2023-05-16,-2,10,408,187.46,294,3.9
137,2023-05-17,4,20,424,129.4,182,4.9
138,2023-05-18,-5,30,425,91.96,169,4.2
139,2023-05-19,7,80,487,165.03,228,5.0
140,2023-05-20,-14,100,486,173.29,318,4.2
141,2023-05-21,15,70,485,126.34,395,4.1
142,2023-05-22,-10,0,390,109.95,274,4.7
143,2023-05-23,6,10,416,167.92,302,3.5
144,2023-05-24,-11,20,409,136.99,179,3.8
145,2023-05-25,-4,30,426,94.7,175,3.7
146,2023-05-26,14,80,494,96.2,400,4.2
147,2023-05-27,-3,100,497,143.7,380,3.9
148,2023-05-28,11,70,481,177.38,142,3.8
149,2023-05-29,2,0,402,152.35,282,4.4
150,2023-05-30,-4,10,406,83.45,207,4.1
151,2023-05-31,-6,20,414,119.29,138,4.1
152,2023-06-01,13,30,443,182.78,163,3.8
153,2023-06-02,2,80,482,110.61,304,4.8
154,2023-06-03,-15,100,485,199.28,219,4.4
155,2023-06-04,7,70,477,70.17,234,3.7
156,2023-06-05,-12,0,388,97.46,193,4.0
157,2023-06-06,-11,10,399,62.6,166,4.9
158,2023-06-07,-14,20,406,78.1,281,4.6
159,2023-06-08,10,30,440,139.89,146,3.5
160,2023-06-09,-7,80,473,77.55,374,4.9
161,2023-06-10,-6,100,494,96.81,269,4.6
162,2023-06-11,-11,70,459,175.56,135,4.9
163,2023-06-12,-10,0,390,176.94,178,4.7
164,2023-06-13,8,10,418,196.95,113,4.8
165,2023-06-14,-2,20,418,133.89,148,4.5
166,2023-06-15,-12,30,418,80.63,342,4.8
167,2023-06-16,-7,80,473,178.25,359,4.4
168,2023-06-17,13,100,513,165.64,149,3.9
169,2023-06-18,-7,70,463,125.04,219,4.9
170,2023-06-19,0,0,400,177.69,282,4.4
171,2023-06-20,1,10,411,189.46,348,4.7
172,2023-06-21,-7,20,413,160.31,162,4.6
173,2023-06-22,-13,30,417,124.39,177,4.1
174,2023-06-23,5,80,485,146.07,203,4.5
175,2023-06-24,2,100,502,69.41,343,4.6
176,2023-06-25,10,70,480,108.57,129,4.5
177,2023-06-26,-3,0,397,168.9,167,4.9
178,2023-06-27,1,10,411,108.75,152,4.8
179,2023-06-28,3,20,423,70.09,351,3.5
180,2023-06-29,6,30,436,137.19,249,4.6
181,2023-06-30,2,80,482,99.0,147,4.1
182,2023-07-01,1,100,501,158.92,172,4.5
183,2023-07-02,-8,70,462,134.57,148,4.3
184,2023-07-03,-11,0,389,63.17,353,4.1
185,2023-07-04,-14,10,396,173.42,243,3.9
186,2023-07-05,-9,20,411,196.07,230,3.7
187,2023-07-06,-7,30,423,143.99,154,4.4
188,2023-07-07,-5,80,475,64.66,257,3.9
189,2023-07-08,0,100,500,194.81,298,4.8
190,2023-07-09,7,70,477,133.32,365,3.6
191,2023-07-10,-10,0,390,188.37,153,4.7
192,2023-07-11,5,10,415,113.87,388,4.9
193,2023-07-12,6,20,426,97.65,398,4.7
194,2023-07-13,9,30,439,117.65,323,3.7
195,2023-07-14,-5,80,475,60.78,109,4.7
196,2023-07-15,7,100,507,64.2,209,4.8
197,2023-07-16,9,70,479,176.74,186,4.2
198,2023-07-17,0,0,400,172.54,394,3.5
199,2023-07-18,6,10,416,128.83,105,4.4
200,2023-07-19,-11,20,409,136.18,377,4.9
201,2023-07-20,-14,30,416,68.16,159,3.8
202,2023-07-21,11,80,491,133.96,331,4.3
203,2023-07-22,-3,100,497,148.41,110,3.6
204,2023-07-23,12,70,482,102.39,329,3.7
205,2023-07-24,10,0,410,113.53,386,3.8
206,2023-07-25,-14,10,396,185.9,341,3.6
207,2023-07-26,5,20,425,175.74,353,3.7
208,2023-07-27,12,30,442,199.06,379,3.9
209,2023-07-28,11,80,491,144.47,182,4.6
210,2023-07-29,10,100,510,83.08,157,4.7
211,2023-07-30,-13,70,457,199.48,225,3.5
212,2023-07-31,6,0,406,97.38,210,4.4
213,2023-08-01,1,10,411,187.65,133,4.9
214,2023-08-02,-2,20,418,175.97,288,4.7
215,2023-08-03,12,30,442,103.89,170,4.4
216,2023-08-04,4,80,484,60.14,135,4.8
217,2023-08-05,6,100,506,63.22,355,4.4
218,2023-08-06,-1,70,469,113.68,314,4.4
219,2023-08-07,-6,0,394,76.58,273,4.7
220,2023-08-08,-12,10,398,195.08,322,4.6
221,2023-08-09,-14,20,406,147.03,331,3.7
222,2023-08-10,-8,30,422,198.02,244,3.8
223,2023-08-11,12,80,492,141.32,205,4.4
224,2023-08-12,12,100,512,198.3,397,3.9
225,2023-08-13,7,70,477,114.09,368,4.5
226,2023-08-14,-9,0,391,69.75,386,3.8
227,2023-08-15,11,10,421,63.22,375,3.7
228,2023-08-16,3,20,423,117.18,159,3.6
229,2023-08-17,1,30,431,107.28,289,3.8
230,2023-08-18,-14,80,466,144.29,352,4.8
231,2023-08-19,-1,100,499,168.62,110,3.8
232,2023-08-20,12,70,482,160.57,340,4.5
233,2023-08-21,-14,0,386,89.68,367,4.5
234,2023-08-22,4,10,414,125.87,195,4.7
235,2023-08-23,15,20,435,179.77,221,4.0
236,2023-08-24,13,30,443,183.2,161,3.5
237,2023-08-25,-3,80,477,178.32,237,3.8
238,2023-08-26,6,100,506,164.56,351,3.5
239,2023-08-27,5,70,475,139.9,221,4.7
240,2023-08-28,0,0,400,116.01,282,4.1
241,2023-08-29,2,10,412,71.48,329,3.8
242,2023-08-30,15,20,435,111.19,135,3.8
243,2023-08-31,-12,30,418,65.3,133,4.4
244,2023-09-01,12,80,492,181.68,242,4.2
245,2023-09-02,8,100,508,189.91,176,4.1
246,2023-09-03,0,70,470,79.22,370,5.0
247,2023-09-04,-5,0,395,136.73,294,4.3
248,2023-09-05,-15,10,395,137.56,307,3.9
249,2023-09-06,-8,20,412,179.21,283,3.6
250,2023-09-07,11,30,441,76.25,120,4.0
251,2023-09-08,-9,80,471,181.72,279,4.0
252,2023-09-09,12,100,512,176.83,324,4.2
253,2023-09-10,-11,70,459,127.77,278,4.9
254,2023-09-11,-2,0,398,161.76,136,3.9
255,2023-09-12,-15,10,395,155.51,351,3.8
256,2023-09-13,8,20,428,191.95,395,4.6
257,2023-09-14,-14,30,416,120.72,320,4.2
258,2023-09-15,-10,80,470,151.18,161,4.0
259,2023-09-16,-7,100,493,106.08,329,4.6
260,2023-09-17,15,70,485,109.76,304,4.5
261,2023-09-18,-13,0,387,195.72,377,4.8
262,2023-09-19,7,10,417,117.41,231,4.7
263,2023-09-20,-11,20,409,151.94,131,4.3
264,2023-09-21,-2,30,428,106.57,239,4.9
265,2023-09-22,-6,80,474,186.14,183,3.7
266,2023-09-23,11,100,511,193.01,375,4.0
267,2023-09-24,-6,70,464,194.56,308,3.6
268,2023-09-25,-12,0,388,140.45,248,3.6
269,2023-09-26,13,10,423,95.09,393,4.7
270,2023-09-27,12,20,432,62.95,157,4.5
271,2023-09-28,-6,30,424,74.1,320,4.7
272,2023-09-29,-3,80,477,173.9,237,4.5
273,2023-09-30,12,100,512,98.72,383,4.3
274,2023-10-01,-4,70,466,107.37,371,3.9
275,2023-10-02,-10,0,390,179.63,150,4.1
276,2023-10-03,6,10,416,192.06,304,4.4
277,2023-10-04,6,20,426,194.93,369,4.8
278,2023-10-05,-7,30,423,102.28,341,4.1
279,2023-10-06,7,80,487,78.67,300,4.0
280,2023-10-07,9,100,509,188.42,219,4.6
281,2023-10-08,-12,70,458,76.35,135,3.7
282,2023-10-09,-11,0,389,108.2,276,4.8
283,2023-10-10,-2,10,408,199.56,307,4.2
284,2023-10-11,5,20,425,95.23,327,3.7
285,2023-10-12,-9,30,421,141.79,174,4.8
286,2023-10-13,-8,80,472,62.82,392,3.8
287,2023-10-14,14,100,514,107.28,360,4.4
288,2023-10-15,7,70,477,183.82,397,4.7
289,2023-10-16,-4,0,396,87.27,291,3.9
290,2023-10-17,12,10,422,83.14,101,4.8
291,2023-10-18,-7,20,413,129.03,216,4.1
292,2023-10-19,-7,30,423,98.0,260,4.3
293,2023-10-20,6,80,486,67.63,138,4.9
294,2023-10-21,15,100,515,110.8,240,4.1
295,2023-10-22,12,70,482,74.78,120,3.8
296,2023-10-23,9,0,409,70.56,175,4.9
297,2023-10-24,13,10,423,166.51,312,4.2
298,2023-10-25,-9,20,411,114.57,242,4.8
299,2023-10-26,15,30,445,122.26,105,4.5
300,2023-10-27,13,80,493,107.56,259,4.8
301,2023-10-28,-1,100,499,114.23,223,4.4
302,2023-10-29,-7,70,463,117.77,301,5.0
303,2023-10-30,-4,0,396,147.93,318,4.8
304,2023-10-31,10,10,420,94.0,272,4.3
305,2023-11-01,-6,20,414,197.49,382,4.4
306,2023-11-02,-14,30,416,125.41,318,4.7
307,2023-11-03,3,80,483,70.46,328,4.6
308,2023-11-04,-11,100,489,173.87,227,4.1
309,2023-11-05,-6,70,464,80.03,388,4.4
310,2023-11-06,-3,0,397,76.72,130,4.5
311,2023-11-07,-3,10,407,105.45,379,3.8
312,2023-11-08,-12,20,408,165.34,385,4.6
313,2023-11-09,13,30,443,195.41,159,3.8
314,2023-11-10,-14,80,466,192.29,334,3.6
315,2023-11-11,3,100,503,134.65,344,3.8
316,2023-11-12,15,70,485,73.8,256,4.1
317,2023-11-13,5,0,405,176.15,243,4.4
318,2023-11-14,-1,10,409,94.69,123,4.7
319,2023-11-15,-8,20,412,145.03,276,4.7
320,2023-11-16,-15,30,415,71.97,110,3.7
321,2023-11-17,13,80,493,91.73,297,3.9
322,2023-11-18,0,100,500,145.2,208,5.0
323,2023-11-19,7,70,477,141.89,186,3.8
324,2023-11-20,-15,0,385,195.74,385,3.6
325,2023-11-21,-14,10,396,104.93,260,3.8
326,2023-11-22,-5,20,415,153.98,142,4.2
327,2023-11-23,-4,30,426,62.93,119,4.3
328,2023-11-24,1,80,481,83.6,313,4.3
329,2023-11-25,-2,100,498,103.53,124,4.8
330,2023-11-26,3,70,473,105.15,203,4.1
331,2023-11-27,-7,0,393,78.56,207,4.3
332,2023-11-28,-10,10,400,79.25,330,4.4
333,2023-11-29,15,20,435,95.74,286,4.1
334,2023-11-30,15,30,445,127.89,230,4.4
335,2023-12-01,-5,80,475,76.3,333,3.5
336,2023-12-02,-11,100,489,114.06,179,3.6
337,2023-12-03,15,70,485,123.3,384,3.8
338,2023-12-04,8,0,408,197.6,115,4.5
339,2023-12-05,-9,10,401,112.22,170,4.5
340,2023-12-06,-5,20,415,146.8,255,4.4
341,2023-12-07,4,30,434,135.85,301,4.1
342,2023-12-08,1,80,481,163.1,205,4.0
343,2023-12-09,-12,100,488,155.31,201,4.7
344,2023-12-10,-10,70,460,120.66,377,4.6
345,2023-12-11,-5,0,395,106.34,209,4.8
346,2023-12-12,2,10,412,154.23,228,4.3
347,2023-12-13,-3,20,417,119.63,110,3.8
348,2023-12-14,6,30,436,188.68,354,4.5
349,2023-12-15,12,80,492,65.5,269,4.6
350,2023-12-16,-11,100,489,185.77,297,4.9
351,2023-12-17,-9,70,461,107.3,298,4.0
352,2023-12-18,-11,0,389,113.92,325,4.0
353,2023-12-19,3,10,413,138.1,365,4.1
354,2023-12-20,-15,20,405,81.86,372,4.3
355,2023-12-21,0,30,430,132.63,230,4.3
356,2023-12-22,-11,80,469,110.68,361,5.0
357,2023-12-23,-12,100,488,174.29,365,5.0
358,2023-12-24,10,70,480,148.54,270,4.0
359,2023-12-25,-6,0,394,83.0,350,3.9
360,2023-12-26,-13,10,397,102.28,286,4.4
361,2023-12-27,-10,20,410,186.8,361,4.9
362,2023-12-28,10,30,440,188.87,369,3.8
363,2023-12-29,-9,80,471,127.98,165,4.2
364,2023-12-30,14,100,514,178.69,331,4.9
365,2023-12-31,-12,70,458,168.75,236,3.7
366,2024-01-01,-12,0,388,138.09,185,3.6
367,2024-01-02,-7,10,403,109.16,329,3.9
368,2024-01-03,11,20,431,165.27,391,4.7
369,2024-01-04,10,30,440,121.14,287,4.5
370,2024-01-05,11,80,491,85.9,146,3.7
371,2024-01-06,-10,100,490,179.69,400,3.8
372,2024-01-07,15,70,485,117.66,315,4.6
373,2024-01-08,-5,0,395,95.13,305,3.9
374,2024-01-09,7,10,417,139.38,123,3.6
375,2024-01-10,-3,20,417,92.11,332,4.5
376,2024-01-11,10,30,440,184.03,174,4.7
377,2024-01-12,-9,80,471,197.99,296,3.7
378,2024-01-13,3,100,503,175.96,293,5.0
379,2024-01-14,1,70,471,120.97,120,3.7
380,2024-01-15,1,0,401,106.4,145,4.8
381,2024-01-16,8,10,418,102.92,155,5.0
382,2024-01-17,6,20,426,111.0,279,4.0
383,2024-01-18,-4,30,426,61.71,359,3.9
384,2024-01-19,-1,80,479,60.43,138,3.6
385,2024-01-20,-11,100,489,162.85,259,4.9
386,2024-01-21,14,70,484,67.56,252,4.7
387,2024-01-22,14,0,414,63.63,207,4.1
388,2024-01-23,-2,10,408,138.92,341,3.6
389,2024-01-24,-4,20,416,111.7,268,4.5
390,2024-01-25,2,30,432,155.87,175,4.9
391,2024-01-26,2,80,482,120.79,242,3.6
392,2024-01-27,15,100,515,83.27,176,4.1
393,2024-01-28,7,70,477,111.48,232,4.1
394,2024-01-29,12,0,412,96.58,297,4.6
395,2024-01-30,4,10,414,166.46,357,4.5
396,2024-01-31,-3,20,417,194.52,151,4.5
397,2024-02-01,-3,30,427,127.14,257,4.2
398,2024-02-02,4,80,484,179.66,105,4.9
399,2024-02-03,-10,100,490,197.49,124,3.7
400,2024-02-04,6,70,476,140.79,359,4.0
401,2024-02-05,-7,0,393,171.29,370,4.6
402,2024-02-06,1,10,411,100.64,351,4.5
403,2024-02-07,11,20,431,138.42,301,4.0
404,2024-02-08,13,30,443,138.59,167,4.1
405,2024-02-09,-7,80,473,71.92,356,3.6
406,2024-02-10,9,100,509,198.63,264,4.3
407,2024-02-11,13,70,483,128.59,339,4.9
408,2024-02-12,-2,0,398,139.2,348,4.7
409,2024-02-13,10,10,420,152.43,244,3.9
410,2024-02-14,-9,20,411,105.41,289,3.8
411,2024-02-15,2,30,432,180.58,239,4.7
412,2024-02-16,0,80,480,91.52,126,4.0
413,2024-02-17,0,100,500,134.47,364,4.1
414,2024-02-18,10,70,480,119.16,350,4.8
415,2024-02-19,-10,0,390,135.48,247,4.9
416,2024-02-20,1,10,411,174.73,143,4.1
417,2024-02-21,14,20,434,147.5,123,4.8
418,2024-02-22,2,30,432,144.16,124,4.9
419,2024-02-23,14,80,494,138.62,390,4.7
420,2024-02-24,-11,100,489,124.32,394,3.6
421,2024-02-25,-10,70,460,182.58,355,4.4
422,2024-02-26,5,0,405,91.1,251,4.6
423,2024-02-27,11,10,421,192.71,328,3.9
424,2024-02-28,-14,20,406,63.76,242,4.7
425,2024-02-29,15,30,445,182.65,304,4.6
426,2024-03-01,-1,80,479,159.59,351,3.9
427,2024-03-02,6,100,506,166.74,204,3.9
428,2024-03-03,12,70,482,133.92,306,4.3
429,2024-03-04,-15,0,385,132.25,148,4.2
430,2024-03-05,4,10,414,193.09,164,4.8
431,2024-03-06,2,20,422,195.5,208,4.0
432,2024-03-07,14,30,444,121.06,280,4.5
433,2024-03-08,-8,80,472,193.23,196,4.0
434,2024-03-09,2,100,502,153.62,385,3.7
435,2024-03-10,-13,70,457,137.24,279,4.5
436,2024-03-11,12,0,412,139.5,128,4.5
437,2024-03-12,2,10,412,100.68,187,4.8
438,2024-03-13,-2,20,418,61.79,301,4.3
439,2024-03-14,14,30,444,194.19,182,3.6
440,2024-03-15,5,80,485,98.25,302,4.7
441,2024-03-16,8,100,508,83.76,400,3.8
442,2024-03-17,-2,70,468,151.82,392,3.8
443,2024-03-18,6,0,406,136.15,267,4.4
444,2024-03-19,4,10,414,192.49,220,4.6
445,2024-03-20,-9,20,411,147.16,235,4.0
446,2024-03-21,-6,30,424,168.23,108,4.0
447,2024-03-22,-6,80,474,61.07,334,3.7
448,2024-03-23,-4,100,496,119.49,240,4.3
449,2024-03-24,-4,70,466,61.47,379,4.4
450,2024-03-25,12,0,412,113.93,176,5.0
451,2024-03-26,14,10,424,100.82,132,3.6
452,2024-03-27,-4,20,416,134.57,354,4.8
453,2024-03-28,-6,30,424,69.61,210,3.8
454,2024-03-29,-7,80,473,92.38,279,4.8
455,2024-03-30,2,100,502,110.48,119,4.5
456,2024-03-31,-9,70,461,89.41,358,4.9
457,2024-04-01,-5,0,395,92.11,119,4.2
458,2024-04-02,13,10,423,175.2,318,4.5
459,2024-04-03,-9,20,411,113.9,297,3.5
460,2024-04-04,-6,30,424,83.87,148,5.0
461,2024-04-05,-6,80,474,156.85,205,3.9
462,2024-04-06,15,100,515,81.52,324,5.0
463,2024-04-07,8,70,478,132.71,309,4.0
464,2024-04-08,-13,0,387,123.29,292,4.6
465,2024-04-09,-1,10,409,116.55,375,4.6
466,2024-04-10,-6,20,414,98.3,383,4.0
467,2024-04-11,-5,30,425,151.44,140,4.0
468,2024-04-12,7,80,487,71.21,254,4.3
469,2024-04-13,-15,100,485,176.92,357,4.2
470,2024-04-14,1,70,471,98.81,234,4.3
471,2024-04-15,-1,0,399,112.57,397,4.1
472,2024-04-16,10,10,420,120.9,347,4.8
473,2024-04-17,-2,20,418,61.84,377,5.0
474,2024-04-18,3,30,433,152.62,304,4.2
475,2024-04-19,11,80,491,157.02,117,4.0
476,2024-04-20,7,100,507,93.34,156,3.8
477,2024-04-21,0,70,470,99.95,306,4.2
478,2024-04-22,5,0,405,162.69,264,4.0
479,2024-04-23,-6,10,404,129.9,125,3.6
480,2024-04-24,-15,20,405,96.75,121,5.0
481,2024-04-25,2,30,432,95.98,185,4.1
482,2024-04-26,-15,80,465,179.2,388,4.8
483,2024-04-27,-10,100,490,113.97,110,4.6
484,2024-04-28,-9,70,461,142.56,321,4.0
485,2024-04-29,15,0,415,63.74,137,4.5
486,2024-04-30,8,10,418,106.03,320,4.3
487,2024-05-01,14,20,434,103.25,214,4.6
488,2024-05-02,7,30,437,193.16,295,4.6
489,2024-05-03,15,80,495,95.68,151,4.1
490,2024-05-04,-8,100,492,82.79,134,4.7
491,2024-05-05,-15,70,455,180.04,290,4.5
492,2024-05-06,10,0,410,158.74,110,4.4
493,2024-05-07,14,10,424,174.9,148,3.7
494,2024-05-08,-1,20,419,174.61,266,3.6
495,2024-05-09,-5,30,425,184.57,392,4.7
496,2024-05-10,8,80,488,192.03,198,5.0
497,2024-05-11,-10,100,490,61.04,318,4.8
498,2024-05-12,7,70,477,68.25,190,4.4
499,2024-05-13,-7,0,393,88.07,400,4.2
500,2024-05-14,11,10,421,74.75,150,4.8
501,2024-05-15,15,20,435,82.15,393,4.7
502,2024-05-16,14,30,444,193.85,243,4.7
503,2024-05-17,-11,80,469,64.62,145,4.3
504,2024-05-18,13,100,513,92.03,218,3.6
505,2024-05-19,-7,70,463,134.54,364,4.4
506,2024-05-20,-3,0,397,133.34,112,3.7
507,2024-05-21,9,10,419,115.03,334,4.1
508,2024-05-22,8,20,428,142.27,175,4.1
509,2024-05-23,-11,30,419,68.57,216,4.2
510,2024-05-24,11,80,491,144.21,297,4.9
511,2024-05-25,-14,100,486,129.36,373,4.6
512,2024-05-26,0,70,470,170.52,353,4.2
513,2024-05-27,-6,0,394,138.59,127,4.5
514,2024-05-28,-14,10,396,148.94,394,4.7
515,2024-05-29,1,20,421,119.35,390,4.9
516,2024-05-30,-12,30,418,67.66,244,4.4
517,2024-05-31,-6,80,474,139.75,146,3.5
518,2024-06-01,-2,100,498,144.77,360,4.6
519,2024-06-02,-13,70,457,65.07,299,4.9
520,2024-06-03,0,0,400,116.61,392,4.8
521,2024-06-04,-15,10,395,146.8,140,4.7
522,2024-06-05,12,20,432,191.46,260,4.6
523,2024-06-06,12,30,442,171.34,275,3.8
524,2024-06-07,-15,80,465,91.82,146,4.1
525,2024-06-08,8,100,508,163.28,121,4.7
526,2024-06-09,14,70,484,131.76,155,3.6
527,2024-06-10,-5,0,395,140.51,241,4.0
528,2024-06-11,1,10,411,122.31,154,3.7
529,2024-06-12,-8,20,412,65.27,102,4.2
530,2024-06-13,8,30,438,173.75,226,4.9
531,2024-06-14,-15,80,465,161.03,367,3.5
532,2024-06-15,-12,100,488,114.27,234,3.6
533,2024-06-16,-4,70,466,133.79,240,4.6
534,2024-06-17,-5,0,395,131.93,348,4.7
535,2024-06-18,2,10,412,116.2,323,4.5
536,2024-06-19,-15,20,405,87.34,125,4.4
537,2024-06-20,-6,30,424,159.02,221,4.6
538,2024-06-21,-1,80,479,160.36,275,3.6
539,2024-06-22,7,100,507,129.03,180,4.1
540,2024-06-23,-14,70,456,86.54,297,4.0
541,2024-06-24,-6,0,394,191.83,231,4.8
542,2024-06-25,7,10,417,160.67,234,4.6
543,2024-06-26,-1,20,419,178.36,189,4.1
544,2024-06-27,-1,30,429,78.52,277,4.6
545,2024-06-28,15,80,495,164.66,277,4.1
546,2024-06-29,-10,100,490,180.65,223,4.3
547,2024-06-30,1,70,471,128.76,354,4.9
548,2024-07-01,10,0,410,63.72,153,4.7
549,2024-07-02,-5,10,405,70.57,220,4.7
550,2024-07-03,-1,20,419,75.88,231,4.9
551,2024-07-04,-7,30,423,60.49,154,3.6
552,2024-07-05,7,80,487,107.17,295,4.7
553,2024-07-06,-11,100,489,159.82,278,4.1
554,2024-07-07,-14,70,456,112.11,287,4.6
555,2024-07-08,-12,0,388,91.09,297,4.5
556,2024-07-09,-6,10,404,73.0,336,4.7
557,2024-07-10,9,20,429,149.6,369,3.9
558,2024-07-11,5,30,435,110.36,182,4.6
559,2024-07-12,-7,80,473,121.88,382,4.3
560,2024-07-13,-14,100,486,197.3,225,4.6
561,2024-07-14,8,70,478,176.3,262,4.5
562,2024-07-15,-15,0,385,122.48,343,3.7
563,2024-07-16,5,10,415,84.16,111,4.9
564,2024-07-17,-4,20,416,121.43,397,4.8
565,2024-07-18,-8,30,422,175.42,323,4.7
566,2024-07-19,6,80,486,163.84,313,4.6
567,2024-07-20,-12,100,488,138.03,381,4.8
568,2024-07-21,-13,70,457,147.98,364,4.3
569,2024-07-22,8,0,408,190.81,169,4.3
570,2024-07-23,0,10,410,102.79,194,4.1
571,2024-07-24,5,20,425,139.37,276,4.4
572,2024-07-25,-4,30,426,82.59,386,3.6
573,2024-07-26,-5,80,475,170.27,352,3.7
574,2024-07-27,6,100,506,158.9,386,3.7
575,2024-07-28,7,70,477,161.2,120,4.7
576,2024-07-29,9,0,409,187.85,399,4.3
577,2024-07-30,-1,10,409,66.72,219,4.2
578,2024-07-31,-6,20,414,182.22,261,4.6
579,2024-08-01,3,30,433,79.44,279,4.2
580,2024-08-02,-7,80,473,104.28,205,4.2
581,2024-08-03,-13,100,487,136.59,116,3.8
582,2024-08-04,-14,70,456,197.08,277,3.8
583,2024-08-05,12,0,412,68.57,119,5.0
584,2024-08-06,11,10,421,135.78,101,4.8
585,2024-08-07,-8,20,412,148.82,100,4.9
586,2024-08-08,-13,30,417,162.53,295,3.6
587,2024-08-09,9,80,489,128.43,366,3.6
588,2024-08-10,10,100,510,118.19,215,4.7
589,2024-08-11,-12,70,458,148.23,220,3.9
590,2024-08-12,12,0,412,162.98,325,3.7
591,2024-08-13,1,10,411,173.02,107,3.6
592,2024-08-14,1,20,421,121.54,225,4.1
593,2024-08-15,-14,30,416,106.33,274,4.6
594,2024-08-16,14,80,494,136.26,342,4.7
595,2024-08-17,-13,100,487,79.56,106,4.8
596,2024-08-18,3,70,473,85.76,205,4.6
597,2024-08-19,13,0,413,137.67,237,4.8
598,2024-08-20,-9,10,401,77.52,201,3.8
599,2024-08-21,6,20,426,80.14,335,5.0
600,2024-08-22,-11,30,419,151.48,342,4.2
601,2024-08-23,-12,80,468,145.95,312,4.3
602,2024-08-24,-1,100,499,159.52,108,4.8
603,2024-08-25,3,70,473,109.57,326,3.9
604,2024-08-26,-10,0,390,150.35,262,4.3
605,2024-08-27,3,10,413,151.62,153,4.2
606,2024-08-28,14,20,434,154.15,156,4.3
607,2024-08-29,2,30,432,131.3,222,4.6
608,2024-08-30,14,80,494,79.02,189,4.8
609,2024-08-31,-15,100,485,136.73,296,4.1
610,2024-09-01,10,70,480,185.38,155,4.7
611,2024-09-02,12,0,412,188.26,312,3.6
612,2024-09-03,8,10,418,158.09,295,4.1
613,2024-09-04,-9,20,411,171.17,287,4.5
614,2024-09-05,6,30,436,100.05,219,4.0
615,2024-09-06,11,80,491,165.81,107,4.7
616,2024-09-07,10,100,510,139.58,323,4.2
617,2024-09-08,15,70,485,89.48,354,3.7
618,2024-09-09,13,0,413,172.92,120,4.9
619,2024-09-10,-2,10,408,83.88,154,4.6
620,2024-09-11,1,20,421,159.14,132,4.1
621,2024-09-12,-13,30,417,90.34,365,4.6
622,2024-09-13,13,80,493,71.3,218,4.6
623,2024-09-14,-12,100,488,138.43,223,4.6
624,2024-09-15,8,70,478,171.29,256,3.6
625,2024-09-16,14,0,414,140.28,276,4.6
626,2024-09-17,-13,10,397,129.14,321,4.9
627,2024-09-18,-13,20,407,185.99,271,4.8
628,2024-09-19,-1,30,429,89.38,275,4.7
629,2024-09-20,13,80,493,182.42,398,3.9
630,2024-09-21,-8,100,492,89.51,264,4.7
631,2024-09-22,-1,70,469,60.23,103,3.8
632,2024-09-23,11,0,411,90.03,389,4.6
633,2024-09-24,-10,10,400,94.22,169,4.7
634,2024-09-25,-11,20,409,113.25,326,4.0
635,2024-09-26,-14,30,416,146.36,309,4.6
636,2024-09-27,6,80,486,182.72,330,4.6
637,2024-09-28,-11,100,489,187.18,103,3.7
638,2024-09-29,-2,70,468,149.29,391,4.1
639,2024-09-30,0,0,400,67.59,252,3.5
640,2024-10-01,3,10,413,67.19,122,4.5
641,2024-10-02,-11,20,409,154.91,370,3.8
642,2024-10-03,-12,30,418,145.8,148,3.6
643,2024-10-04,-9,80,471,172.67,250,3.6
644,2024-10-05,-14,100,486,87.85,348,4.2
645,2024-10-06,7,70,477,161.17,362,4.7
646,2024-10-07,10,0,410,154.86,106,4.2
647,2024-10-08,-12,10,398,185.15,249,4.4
648,2024-10-09,-4,20,416,197.83,367,3.7
649,2024-10-10,2,30,432,138.49,223,4.3
650,2024-10-11,7,80,487,111.09,139,4.6
651,2024-10-12,11,100,511,196.55,239,3.6
652,2024-10-13,14,70,484,192.62,280,5.0
653,2024-10-14,-2,0,398,119.17,222,4.4
654,2024-10-15,6,10,416,102.92,220,3.8
655,2024-10-16,14,20,434,101.24,147,4.8
656,2024-10-17,11,30,441,196.12,165,4.3
657,2024-10-18,8,80,488,133.89,290,4.0
658,2024-10-19,4,100,504,130.6,189,3.6
659,2024-10-20,13,70,483,76.18,350,4.0
660,2024-10-21,-4,0,396,197.54,100,4.1
661,2024-10-22,2,10,412,192.23,380,4.8
662,2024-10-23,-2,20,418,162.11,217,3.5
663,2024-10-24,8,30,438,117.34,386,3.6
664,2024-10-25,15,80,495,108.56,214,4.7
665,2024-10-26,11,100,511,103.51,297,3.9
666,2024-10-27,-4,70,466,61.5,370,4.5
667,2024-10-28,-12,0,388,180.25,357,4.0
668,2024-10-29,-5,10,405,166.13,336,4.6
669,2024-10-30,-4,20,416,179.75,297,4.3
670,2024-10-31,12,30,442,104.38,350,4.7
671,2024-11-01,-8,80,472,144.4,154,4.7
672,2024-11-02,-9,100,491,127.38,354,4.6
673,2024-11-03,14,70,484,83.79,361,4.6
674,2024-11-04,8,0,408,188.01,282,4.6
675,2024-11-05,-1,10,409,113.41,383,4.2
676,2024-11-06,-6,20,414,65.39,160,3.5
677,2024-11-07,-6,30,424,86.89,143,3.6
678,2024-11-08,-10,80,470,192.88,177,4.0
679,2024-11-09,-2,100,498,83.7,232,4.7
680,2024-11-10,-2,70,468,75.97,132,4.4
681,2024-11-11,-8,0,392,132.6,131,4.3
682,2024-11-12,8,10,418,177.96,309,4.5
683,2024-11-13,6,20,426,108.8,207,4.5
684,2024-11-14,6,30,436,122.13,319,4.4
685,2024-11-15,7,80,487,101.45,344,4.8
686,2024-11-16,9,100,509,154.99,303,4.8
687,2024-11-17,-1,70,469,112.95,158,3.7
688,2024-11-18,7,0,407,196.43,170,4.2
689,2024-11-19,-3,10,407,122.66,323,3.5
690,2024-11-20,-13,20,407,70.04,230,4.7
691,2024-11-21,9,30,439,179.19,341,4.0
692,2024-11-22,-11,80,469,153.91,313,4.7
693,2024-11-23,-13,100,487,156.71,216,4.9
694,2024-11-24,10,70,480,135.73,309,4.4
695,2024-11-25,7,0,407,155.27,135,4.4
696,2024-11-26,-1,10,409,65.77,269,4.8
697,2024-11-27,14,20,434,113.47,149,4.2
698,2024-11-28,-13,30,417,162.47,346,4.7
699,2024-11-29,-12,80,468,66.39,224,4.8
700,2024-11-30,14,100,514,168.24,242,5.0
701,2024-12-01,3,70,473,112.24,362,3.9
702,2024-12-02,15,0,415,163.38,258,5.0
703,2024-12-03,1,10,411,133.25,144,4.4
704,2024-12-04,-13,20,407,87.75,220,4.4
705,2024-12-05,8,30,438,93.24,379,3.8
706,2024-12-06,7,80,487,187.65,238,4.1
707,2024-12-07,1,100,501,188.92,329,4.4
708,2024-12-08,3,70,473,144.77,314,4.9
709,2024-12-09,0,0,400,138.01,148,4.7
710,2024-12-10,4,10,414,144.53,124,4.7
711,2024-12-11,-1,20,419,72.14,182,4.4
712,2024-12-12,-6,30,424,172.0,143,4.1
713,2024-12-13,4,80,484,60.71,206,4.9
714,2024-12-14,-9,100,491,109.83,211,3.7
715,2024-12-15,-5,70,465,136.53,395,3.6
716,2024-12-16,-4,0,396,191.92,262,3.6
717,2024-12-17,-6,10,404,84.73,361,4.6
718,2024-12-18,12,20,432,131.11,352,4.7
719,2024-12-19,-8,30,422,161.91,374,4.4
720,2024-12-20,-3,80,477,192.4,157,4.1
721,2024-12-21,-3,100,497,138.63,200,4.4
722,2024-12-22,0,70,470,93.13,207,4.1
723,2024-12-23,4,0,404,94.39,364,4.2
724,2024-12-24,3,10,413,169.32,361,4.3
725,2024-12-25,7,20,427,104.43,242,4.1
726,2024-12-26,12,30,442,147.53,141,4.9
727,2024-12-27,3,80,483,134.47,238,4.0
728,2024-12-28,12,100,512,168.41,334,4.5
729,2024-12-29,10,70,480,105.34,189,4.6
730,2024-12-30,7,0,407,81.05,102,3.6
731,2024-12-31,15,10,425,108.86,170,4.7
732,2025-01-01,0,20,420,144.02,342,4.1
733,2025-01-02,5,30,435,189.35,174,4.5
734,2025-01-03,0,80,480,66.29,393,3.9
735,2025-01-04,13,100,513,79.82,385,4.5
736,2025-01-05,4,70,474,70.91,391,4.9
737,2025-01-06,8,0,408,68.86,118,4.4
738,2025-01-07,-3,10,407,120.68,214,5.0
739,2025-01-08,0,20,420,163.34,343,3.6
740,2025-01-09,-8,30,422,118.32,170,4.4
741,2025-01-10,-13,80,467,114.71,193,4.7
742,2025-01-11,-2,100,498,109.6,152,3.6
743,2025-01-12,5,70,475,195.04,167,4.4
744,2025-01-13,13,0,413,76.27,205,4.7
745,2025-01-14,1,10,411,61.25,324,3.9
746,2025-01-15,-5,20,415,101.01,185,4.1
747,2025-01-16,-10,30,420,164.27,226,4.2
748,2025-01-17,-6,80,474,109.28,365,3.6
749,2025-01-18,-5,100,495,81.96,133,4.9
750,2025-01-19,4,70,474,126.54,283,3.9
751,2025-01-20,15,0,415,185.25,259,3.5
752,2025-01-21,11,10,421,164.37,290,4.8
753,2025-01-22,-7,20,413,156.9,154,4.9
754,2025-01-23,14,30,444,110.78,374,4.7
755,2025-01-24,-14,80,466,103.02,146,4.8
756,2025-01-25,14,100,514,193.13,377,4.3
757,2025-01-26,-3,70,467,191.37,327,4.3
758,2025-01-27,11,0,411,176.94,211,3.8
759,2025-01-28,7,10,417,63.07,309,4.5
760,2025-01-29,-10,20,410,92.54,166,4.9
761,2025-01-30,13,30,443,139.52,211,3.6
762,2025-01-31,15,80,495,114.59,286,3.8
763,2025-02-01,7,100,507,135.98,393,4.8
764,2025-02-02,-10,70,460,65.23,294,4.1
765,2025-02-03,-10,0,390,168.73,356,4.7
766,2025-02-04,-13,10,397,132.91,150,4.4
767,2025-02-05,0,20,420,141.06,236,3.7
768,2025-02-06,10,30,440,60.41,329,3.6
769,2025-02-07,-7,80,473,185.76,341,4.3
770,2025-02-08,13,100,513,192.85,223,4.6
771,2025-02-09,-11,70,459,114.63,279,4.5
772,2025-02-10,12,0,412,159.24,201,3.9
773,2025-02-11,-8,10,402,178.43,270,3.7
774,2025-02-12,2,20,422,118.12,357,3.6
775,2025-02-13,-6,30,424,131.13,300,4.7
776,2025-02-14,15,80,495,157.03,129,4.6
777,2025-02-15,-11,100,489,170.81,335,4.3
778,2025-02-16,7,70,477,99.8,237,4.2
779,2025-02-17,-9,0,391,180.19,346,4.2
780,2025-02-18,-1,10,409,194.7,311,3.8
781,2025-02-19,11,20,431,198.15,316,4.1
782,2025-02-20,-11,30,419,70.56,101,4.3
783,2025-02-21,3,80,483,188.97,199,4.3
784,2025-02-22,-10,100,490,102.82,126,4.3
785,2025-02-23,12,70,482,129.1,398,4.4
786,2025-02-24,15,0,415,172.53,367,4.7
787,2025-02-25,-14,10,396,144.56,244,4.2
788,2025-02-26,2,20,422,62.89,165,3.5
789,2025-02-27,4,30,434,170.56,225,4.4
790,2025-02-28,-9,80,471,102.04,345,4.6
791,2025-03-01,5,100,505,110.71,130,4.4
792,2025-03-02,9,70,479,135.33,188,3.8
793,2025-03-03,-1,0,399,183.99,333,4.1
794,2025-03-04,8,10,418,180.62,174,4.8
795,2025-03-05,8,20,428,147.15,245,4.7
796,2025-03-06,-4,30,426,138.95,330,4.0
797,2025-03-07,-1,80,479,169.17,257,4.0
798,2025-03-08,-12,100,488,116.63,331,3.6
799,2025-03-09,-14,70,456,154.27,331,4.5
800,2025-03-10,-2,0,398,139.14,280,3.8
801,2025-03-11,5,10,415,181.9,302,3.7
802,2025-03-12,-1,20,419,146.48,135,3.5
803,2025-03-13,11,30,441,156.73,110,4.7
804,2025-03-14,5,80,485,102.48,188,4.3
805,2025-03-15,-11,100,489,80.18,148,3.8
806,2025-03-16,-4,70,466,79.09,233,4.6
807,2025-03-17,-10,0,390,157.5,267,4.2
808,2025-03-18,-7,10,403,74.61,119,4.1
809,2025-03-19,-11,20,409,122.66,260,4.3
810,2025-03-20,11,30,441,198.64,202,4.2
811,2025-03-21,-6,80,474,140.76,178,4.3
812,2025-03-22,3,100,503,111.37,271,3.7
813,2025-03-23,-9,70,461,75.64,384,3.6
814,2025-03-24,-15,0,385,65.02,126,4.6
815,2025-03-25,0,10,410,118.9,335,5.0
816,2025-03-26,14,20,434,150.33,300,3.8
817,2025-03-27,1,30,431,91.04,251,4.7
818,2025-03-28,8,80,488,86.62,205,4.9
819,2025-03-29,8,100,508,69.67,388,4.2
820,2025-03-30,-5,70,465,109.92,219,4.2
821,2025-03-31,4,0,404,179.03,271,4.4
822,2025-04-01,-3,10,407,179.44,276,4.5
823,2025-04-02,3,20,423,194.69,266,4.3
824,2025-04-03,-5,30,425,149.09,228,4.8
825,2025-04-04,3,80,483,183.95,287,4.3
826,2025-04-05,9,100,509,144.6,354,4.1
827,2025-04-06,-3,70,467,98.62,357,4.8
828,2025-04-07,1,0,401,82.29,112,4.8
829,2025-04-08,-1,10,409,151.34,169,4.2
830,2025-04-09,-7,20,413,180.63,185,4.7
831,2025-04-10,11,30,441,156.51,178,3.9
832,2025-04-11,7,80,487,84.85,166,4.9
833,2025-04-12,-11,100,489,187.54,134,4.0
834,2025-04-13,-3,70,467,196.35,204,4.6
835,2025-04-14,1,0,401,105.21,258,3.8
836,2025-04-15,-5,10,405,131.09,164,4.1
837,2025-04-16,-11,20,409,158.61,173,4.4
838,2025-04-17,7,30,437,157.42,223,4.5
839,2025-04-18,-3,80,477,107.65,312,4.1
840,2025-04-19,-9,100,491,64.88,271,4.5
841,2025-04-20,10,70,480,199.44,267,4.9
842,2025-04-21,8,0,408,159.39,382,4.0
843,2025-04-22,-2,10,408,132.27,130,4.2
844,2025-04-23,-4,20,416,76.02,365,3.6
845,2025-04-24,-5,30,425,109.03,256,3.7
846,2025-04-25,4,80,484,82.49,253,4.5
847,2025-04-26,14,100,514,131.79,353,4.8
848,2025-04-27,-8,70,462,116.06,320,3.5
849,2025-04-28,7,0,407,145.81,335,3.6
850,2025-04-29,-15,10,395,126.6,253,4.8
851,2025-04-30,-5,20,415,153.64,250,3.9
852,2025-05-01,-14,30,416,69.6,373,4.6
853,2025-05-02,4,80,484,76.78,237,4.0
854,2025-05-03,-5,100,495,196.27,241,4.0
855,2025-05-04,-3,70,467,70.86,177,4.0
856,2025-05-05,-2,0,398,92.31,164,4.1
857,2025-05-06,-5,10,405,72.97,219,4.1
858,2025-05-07,15,20,435,177.34,106,4.8
859,2025-05-08,13,30,443,152.93,214,4.2
860,2025-05-09,3,80,483,179.62,217,4.6
861,2025-05-10,-4,100,496,93.33,350,4.3
862,2025-05-11,13,70,483,131.88,162,4.7
863,2025-05-12,-9,0,391,81.32,263,4.3
864,2025-05-13,-15,10,395,106.55,182,4.4
865,2025-05-14,7,20,427,78.69,186,3.7
866,2025-05-15,14,30,444,109.36,178,4.9
867,2025-05-16,-10,80,470,183.26,203,4.7
868,2025-05-17,14,100,514,142.56,366,4.7
869,2025-05-18,14,70,484,88.83,157,4.6
870,2025-05-19,6,0,406,68.05,314,3.8
871,2025-05-20,4,10,414,192.66,333,3.8
872,2025-05-21,11,20,431,163.64,320,4.4
873,2025-05-22,1,30,431,188.7,269,4.0
874,2025-05-23,11,80,491,114.0,398,4.2
875,2025-05-24,-2,100,498,180.42,278,4.0
876,2025-05-25,12,70,482,124.79,249,3.8
877,2025-05-26,10,0,410,168.23,387,4.7
878,2025-05-27,12,10,422,167.98,299,3.9
879,2025-05-28,-6,20,414,175.92,210,3.6
880,2025-05-29,12,30,442,97.02,129,4.0
881,2025-05-30,-1,80,479,192.63,204,3.7
882,2025-05-31,11,100,511,121.85,293,4.6
883,2025-06-01,1,70,471,108.76,265,4.5
884,2025-06-02,-7,0,393,91.28,264,4.5
885,2025-06-03,-10,10,400,196.8,240,4.6
886,2025-06-04,2,20,422,87.63,247,4.1
887,2025-06-05,13,30,443,173.85,161,3.6
888,2025-06-06,-14,80,466,152.16,241,4.6
889,2025-06-07,10,100,510,169.5,242,4.6
890,2025-06-08,-10,70,460,173.39,381,4.9
891,2025-06-09,1,0,401,168.65,284,4.4
892,2025-06-10,-13,10,397,69.8,346,5.0
893,2025-06-11,1,20,421,77.63,276,4.6
894,2025-06-12,5,30,435,133.83,349,3.9
895,2025-06-13,-12,80,468,77.55,325,3.8
896,2025-06-14,-5,100,495,148.93,330,3.7
897,2025-06-15,7,70,477,146.04,321,4.7
898,2025-06-16,-13,0,387,116.3,326,4.3
899,2025-06-17,-5,10,405,99.52,190,4.8
900,2025-06-18,-15,20,405,199.41,369,4.4
901,2025-06-19,-14,30,416,158.4,139,4.3
902,2025-06-20,-9,80,471,117.55,276,4.5
903,2025-06-21,10,100,510,108.04,128,4.1
904,2025-06-22,9,70,479,81.98,323,3.8
905,2025-06-23,-10,0,390,119.25,292,3.5
906,2025-06-24,15,10,425,86.37,210,4.4
907,2025-06-25,11,20,431,75.12,377,3.9
908,2025-06-26,9,30,439,62.91,185,4.1
909,2025-06-27,3,80,483,151.14,288,4.7
910,2025-06-28,14,100,514,75.88,381,3.6
911,2025-06-29,13,70,483,90.04,118,4.6
912,2025-06-30,11,0,411,196.08,130,3.8
913,2025-07-01,-12,10,398,77.72,144,4.6
914,2025-07-02,1,20,421,134.11,140,4.4
915,2025-07-03,12,30,442,66.6,214,4.3
916,2025-07-04,8,80,488,132.43,148,4.8
917,2025-07-05,-10,100,490,132.06,105,3.7
918,2025-07-06,-9,70,461,98.31,167,3.5
919,2025-07-07,-5,0,395,181.05,256,3.9
920,2025-07-08,5,10,415,176.68,175,3.5
921,2025-07-09,-9,20,411,68.25,218,4.1
922,2025-07-10,0,30,430,138.94,194,4.3
923,2025-07-11,2,80,482,183.21,128,3.9
924,2025-07-12,-7,100,493,91.64,275,4.3
925,2025-07-13,0,70,470,78.81,183,4.9
926,2025-07-14,-4,0,396,121.16,291,3.7
927,2025-07-15,-10,10,400,98.99,111,3.5
928,2025-07-16,-15,20,405,99.45,350,4.9
929,2025-07-17,-11,30,419,191.58,400,3.7
930,2025-07-18,-11,80,469,66.49,280,4.3
931,2025-07-19,-1,100,499,96.05,352,4.0
932,2025-07-20,-3,70,467,153.07,146,3.5
933,2025-07-21,2,0,402,116.45,228,4.4
934,2025-07-22,-1,10,409,111.95,352,3.6
935,2025-07-23,-10,20,410,183.78,155,4.5
936,2025-07-24,13,30,443,179.39,149,3.8
937,2025-07-25,2,80,482,104.82,364,4.0
938,2025-07-26,1,100,501,121.47,368,3.5
939,2025-07-27,9,70,479,82.34,229,4.0
940,2025-07-28,13,0,413,152.14,242,4.1
941,2025-07-29,-12,10,398,170.33,192,4.8
942,2025-07-30,10,20,430,118.54,135,4.1
943,2025-07-31,4,30,434,179.59,319,3.9
944,2025-08-01,14,80,494,156.22,227,4.8
945,2025-08-02,11,100,511,133.08,184,4.5
946,2025-08-03,13,70,483,85.24,380,3.8
947,2025-08-04,2,0,402,71.41,230,4.0
948,2025-08-05,-2,10,408,189.93,373,3.7
949,2025-08-06,-14,20,406,107.31,221,5.0
950,2025-08-07,11,30,441,123.26,268,3.9
951,2025-08-08,14,80,494,137.95,109,4.4
952,2025-08-09,-15,100,485,185.58,381,3.6
953,2025-08-10,7,70,477,131.74,313,4.4
954,2025-08-11,-6,0,394,83.4,211,4.4
955,2025-08-12,10,10,420,173.36,191,3.7
956,2025-08-13,-11,20,409,81.89,139,4.1
957,2025-08-14,-1,30,429,188.78,332,5.0
958,2025-08-15,-10,80,470,168.47,130,4.7
959,2025-08-16,0,100,500,90.31,137,4.5
960,2025-08-17,-4,70,466,132.76,218,4.3
961,2025-08-18,3,0,403,194.29,400,3.5
962,2025-08-19,-14,10,396,166.82,295,4.5
963,2025-08-20,-8,20,412,190.9,262,4.1
964,2025-08-21,1,30,431,132.64,359,4.3
965,2025-08-22,1,80,481,162.48,187,4.0
966,2025-08-23,6,100,506,186.27,320,4.2
967,2025-08-24,11,70,481,82.05,288,4.3
968,2025-08-25,-12,0,388,139.21,324,4.2
969,2025-08-26,-4,10,406,142.08,208,3.9
970,2025-08-27,3,20,423,159.82,136,4.3
971,2025-08-28,14,30,444,146.35,265,3.6
972,2025-08-29,-3,80,477,69.04,326,3.9
973,2025-08-30,6,100,506,91.83,116,4.7
974,2025-08-31,12,70,482,196.57,246,4.8
975,2025-09-01,-10,0,390,80.25,267,4.3
976,2025-09-02,7,10,417,171.72,219,4.3
977,2025-09-03,-9,20,411,107.87,368,4.8
978,2025-09-04,1,30,431,83.17,288,4.4
979,2025-09-05,-1,80,479,132.15,173,4.0
980,2025-09-06,14,100,514,177.57,286,4.1
981,2025-09-07,11,70,481,84.89,360,4.9
982,2025-09-08,-14,0,386,184.13,360,4.9
983,2025-09-09,-13,10,397,129.39,321,3.8
984,2025-09-10,5,20,425,129.5,343,4.2
985,2025-09-11,9,30,439,194.19,134,4.9
986,2025-09-12,-2,80,478,86.15,239,4.6
987,2025-09-13,-7,100,493,138.1,271,4.9
988,2025-09-14,7,70,477,110.38,329,3.9
989,2025-09-15,6,0,406,137.31,368,4.8
990,2025-09-16,-12,10,398,103.54,393,5.0
991,2025-09-17,-8,20,412,61.02,325,4.6
992,2025-09-18,-8,30,422,107.26,348,4.8
993,2025-09-19,12,80,492,156.96,381,4.3
994,2025-09-20,6,100,506,135.12,193,3.6
995,2025-09-21,14,70,484,119.93,132,3.6
996,2025-09-22,12,0,412,98.95,231,4.0
997,2025-09-23,0,10,410,150.78,231,4.6
998,2025-09-24,-10,20,410,107.95,376,3.7
999,2025-09-25,7,30,437,126.65,351,4.9
1000,2025-09-26,0,80,480,69.75,336,3.5
