row_id,order_date,noise,total_orders
1,2023-01-01,17,168
2,2023-01-02,-5,146
3,2023-01-03,-19,133
4,2023-01-04,-19,133
5,2023-01-05,19,172
6,2023-01-06,-3,151
7,2023-01-07,6,160
8,2023-01-08,14,169
9,2023-01-09,-7,148
10,2023-01-10,13,169
11,2023-01-11,18,175
12,2023-01-12,-18,139
13,2023-01-13,-14,144
14,2023-01-14,-12,146
15,2023-01-15,6,165
16,2023-01-16,9,169
17,2023-01-17,-20,140
18,2023-01-18,-15,146
19,2023-01-19,4,165
20,2023-01-20,12,174
21,2023-01-21,0,163
22,2023-01-22,14,177
23,2023-01-23,-8,156
24,2023-01-24,-14,150
25,2023-01-25,-11,154
26,2023-01-26,1,167
27,2023-01-27,1,167
28,2023-01-28,4,171
29,2023-01-29,4,171
30,2023-01-30,-10,158
31,2023-01-31,3,172
32,2023-02-01,-13,156
33,2023-02-02,-18,152
34,2023-02-03,12,182
35,2023-02-04,-4,167
36,2023-02-05,-8,164
37,2023-02-06,-15,157
38,2023-02-07,-3,170
39,2023-02-08,14,187
40,2023-02-09,4,178
41,2023-02-10,-10,165
42,2023-02-11,-13,162
43,2023-02-12,8,184
44,2023-02-13,-11,165
45,2023-02-14,-15,162
46,2023-02-15,0,178
47,2023-02-16,11,189
48,2023-02-17,11,190
49,2023-02-18,13,192
50,2023-02-19,-16,164
51,2023-02-20,15,196
52,2023-02-21,-20,161
53,2023-02-22,-14,168
54,2023-02-23,-19,163
55,2023-02-24,-12,171
56,2023-02-25,7,191
57,2023-02-26,19,203
58,2023-02-27,-4,181
59,2023-02-28,14,199
60,2023-03-01,2,188
61,2023-03-02,-1,186
62,2023-03-03,8,195
63,2023-03-04,5,193
64,2023-03-05,8,196
65,2023-03-06,-13,176
66,2023-03-07,-12,178
67,2023-03-08,-10,180
68,2023-03-09,17,208
69,2023-03-10,1,192
70,2023-03-11,7,199
71,2023-03-12,-14,179
72,2023-03-13,5,198
73,2023-03-14,-6,188
74,2023-03-15,11,205
75,2023-03-16,4,199
76,2023-03-17,-13,183
77,2023-03-18,-1,195
78,2023-03-19,-9,188
79,2023-03-20,-18,179
80,2023-03-21,-8,190
81,2023-03-22,-16,183
82,2023-03-23,-16,183
83,2023-03-24,12,212
84,2023-03-25,0,200
85,2023-03-26,-17,184
86,2023-03-27,-1,201
87,2023-03-28,7,209
88,2023-03-29,-11,192
89,2023-03-30,13,216
90,2023-03-31,-4,200
91,2023-04-01,-5,200
92,2023-04-02,-16,189
93,2023-04-03,-5,201
94,2023-04-04,13,219
95,2023-04-05,-15,192
96,2023-04-06,6,214
97,2023-04-07,17,225
98,2023-04-08,4,213
99,2023-04-09,-16,193
100,2023-04-10,-3,207
101,2023-04-11,14,225
102,2023-04-12,-5,206
103,2023-04-13,-4,208
104,2023-04-14,-4,208
105,2023-04-15,16,229
106,2023-04-16,-19,195
107,2023-04-17,-7,207
108,2023-04-18,15,230
109,2023-04-19,-17,198
110,2023-04-20,10,226
111,2023-04-21,10,227
112,2023-04-22,17,234
113,2023-04-23,3,221
114,2023-04-24,14,232
115,2023-04-25,2,221
116,2023-04-26,2,222
117,2023-04-27,18,238
118,2023-04-28,14,235
119,2023-04-29,-16,205
120,2023-04-30,2,224
121,2023-05-01,-9,214
122,2023-05-02,-15,208
123,2023-05-03,13,237
124,2023-05-04,-13,211
125,2023-05-05,4,229
126,2023-05-06,6,232
127,2023-05-07,-6,220
128,2023-05-08,5,232
129,2023-05-09,19,246
130,2023-05-10,4,232
131,2023-05-11,-10,219
132,2023-05-12,-8,221
133,2023-05-13,-6,224
134,2023-05-14,-14,216
135,2023-05-15,-16,215
136,2023-05-16,-1,231
137,2023-05-17,-10,222
138,2023-05-18,4,237
139,2023-05-19,2,235
140,2023-05-20,-8,226
141,2023-05-21,15,250
142,2023-05-22,-9,226
143,2023-05-23,19,255
144,2023-05-24,-18,218
145,2023-05-25,-5,232
146,2023-05-26,7,245
147,2023-05-27,12,250
148,2023-05-28,16,255
149,2023-05-29,16,255
150,2023-05-30,17,257
151,2023-05-31,10,251
152,2023-06-01,-19,222
153,2023-06-02,16,258
154,2023-06-03,20,262
155,2023-06-04,19,262
156,2023-06-05,2,246
157,2023-06-06,11,255
158,2023-06-07,-4,241
159,2023-06-08,-16,229
160,2023-06-09,20,266
161,2023-06-10,3,250
162,2023-06-11,1,248
163,2023-06-12,-18,230
164,2023-06-13,17,265
165,2023-06-14,2,251
166,2023-06-15,-16,234
167,2023-06-16,-10,240
168,2023-06-17,8,259
169,2023-06-18,19,270
170,2023-06-19,-11,241
171,2023-06-20,9,262
172,2023-06-21,7,260
173,2023-06-22,1,255
174,2023-06-23,-7,247
175,2023-06-24,-3,252
176,2023-06-25,12,268
177,2023-06-26,8,264
178,2023-06-27,-9,248
179,2023-06-28,8,265
180,2023-06-29,-3,255
181,2023-06-30,-13,246
182,2023-07-01,-11,248
183,2023-07-02,-5,255
184,2023-07-03,-11,249
185,2023-07-04,-9,252
186,2023-07-05,-11,251
187,2023-07-06,-1,261
188,2023-07-07,2,265
189,2023-07-08,-10,253
190,2023-07-09,0,264
191,2023-07-10,17,282
192,2023-07-11,-10,255
193,2023-07-12,1,267
194,2023-07-13,7,273
195,2023-07-14,10,277
196,2023-07-15,8,276
197,2023-07-16,19,287
198,2023-07-17,-2,267
199,2023-07-18,9,278
200,2023-07-19,-2,268
201,2023-07-20,-1,270
202,2023-07-21,13,284
203,2023-07-22,-15,257
204,2023-07-23,-20,252
205,2023-07-24,-20,253
206,2023-07-25,-13,261
207,2023-07-26,-7,267
208,2023-07-27,-1,274
209,2023-07-28,10,285
210,2023-07-29,6,282
211,2023-07-30,-1,276
212,2023-07-31,-19,258
213,2023-08-01,-18,260
214,2023-08-02,18,296
215,2023-08-03,3,282
216,2023-08-04,10,290
217,2023-08-05,7,287
218,2023-08-06,6,287
219,2023-08-07,-17,264
220,2023-08-08,0,282
221,2023-08-09,19,302
222,2023-08-10,1,284
223,2023-08-11,-4,280
224,2023-08-12,-12,272
225,2023-08-13,19,304
226,2023-08-14,16,302
227,2023-08-15,19,305
228,2023-08-16,20,307
229,2023-08-17,3,290
230,2023-08-18,13,301
231,2023-08-19,-16,273
232,2023-08-20,-3,286
233,2023-08-21,0,290
234,2023-08-22,-12,278
235,2023-08-23,-3,288
236,2023-08-24,15,307
237,2023-08-25,-8,284
238,2023-08-26,-5,288
239,2023-08-27,-7,286
240,2023-08-28,-5,289
241,2023-08-29,2,297
242,2023-08-30,18,313
243,2023-08-31,7,303
244,2023-09-01,-16,280
245,2023-09-02,-2,295
246,2023-09-03,4,302
247,2023-09-04,12,310
248,2023-09-05,14,313
249,2023-09-06,15,314
250,2023-09-07,-18,282
251,2023-09-08,-13,288
252,2023-09-09,-15,286
253,2023-09-10,-1,301
254,2023-09-11,4,306
255,2023-09-12,-10,293
256,2023-09-13,12,316
257,2023-09-14,12,316
258,2023-09-15,11,316
259,2023-09-16,-13,292
260,2023-09-17,-14,292
261,2023-09-18,17,324
262,2023-09-19,7,314
263,2023-09-20,-12,296
264,2023-09-21,-4,304
265,2023-09-22,-18,291
266,2023-09-23,20,330
267,2023-09-24,9,319
268,2023-09-25,12,323
269,2023-09-26,-18,293
270,2023-09-27,19,331
271,2023-09-28,-12,301
272,2023-09-29,17,330
273,2023-09-30,12,326
274,2023-10-01,-3,311
275,2023-10-02,-19,296
276,2023-10-03,3,319
277,2023-10-04,-14,302
278,2023-10-05,7,324
279,2023-10-06,-17,300
280,2023-10-07,17,335
281,2023-10-08,-13,306
282,2023-10-09,-15,304
283,2023-10-10,-2,318
284,2023-10-11,14,334
285,2023-10-12,-11,310
286,2023-10-13,17,339
287,2023-10-14,7,329
288,2023-10-15,-6,317
289,2023-10-16,3,326
290,2023-10-17,10,334
291,2023-10-18,7,332
292,2023-10-19,12,337
293,2023-10-20,0,326
294,2023-10-21,18,344
295,2023-10-22,-9,318
296,2023-10-23,2,330
297,2023-10-24,1,329
298,2023-10-25,3,332
299,2023-10-26,-15,314
300,2023-10-27,-11,319
301,2023-10-28,13,344
302,2023-10-29,10,341
303,2023-10-30,0,332
304,2023-10-31,-14,318
305,2023-11-01,-8,325
306,2023-11-02,0,334
307,2023-11-03,-5,329
308,2023-11-04,-14,321
309,2023-11-05,-12,323
310,2023-11-06,-13,323
311,2023-11-07,5,342
312,2023-11-08,14,351
313,2023-11-09,-1,337
314,2023-11-10,-9,329
315,2023-11-11,-16,323
316,2023-11-12,-15,325
317,2023-11-13,0,340
318,2023-11-14,-8,333
319,2023-11-15,12,353
320,2023-11-16,2,344
321,2023-11-17,-17,326
322,2023-11-18,19,362
323,2023-11-19,-10,334
324,2023-11-20,10,354
325,2023-11-21,-11,334
326,2023-11-22,20,366
327,2023-11-23,-13,333
328,2023-11-24,-5,342
329,2023-11-25,-15,332
330,2023-11-26,-11,337
331,2023-11-27,-2,347
332,2023-11-28,-9,340
333,2023-11-29,11,361
334,2023-11-30,-20,330
335,2023-12-01,-12,339
336,2023-12-02,1,353
337,2023-12-03,-18,334
338,2023-12-04,-19,334
339,2023-12-05,-10,343
340,2023-12-06,-13,341
341,2023-12-07,10,365
342,2023-12-08,6,361
343,2023-12-09,-3,353
344,2023-12-10,13,369
345,2023-12-11,19,376
346,2023-12-12,4,362
347,2023-12-13,3,361
348,2023-12-14,19,378
349,2023-12-15,-5,354
350,2023-12-16,7,367
351,2023-12-17,2,363
352,2023-12-18,6,367
353,2023-12-19,-18,344
354,2023-12-20,16,378
355,2023-12-21,-3,360
356,2023-12-22,-20,344
357,2023-12-23,-20,344
358,2023-12-24,-2,363
359,2023-12-25,12,377
360,2023-12-26,-10,356
361,2023-12-27,5,372
362,2023-12-28,10,377
363,2023-12-29,-16,352
364,2023-12-30,10,378
365,2023-12-31,20,389
366,2024-01-01,10,380
367,2024-01-02,-3,367
368,2024-01-03,8,379
369,2024-01-04,9,380
370,2024-01-05,-14,358
371,2024-01-06,12,385
372,2024-01-07,16,389
373,2024-01-08,7,381
374,2024-01-09,-4,370
375,2024-01-10,-1,374
376,2024-01-11,-11,365
377,2024-01-12,8,384
378,2024-01-13,-1,376
379,2024-01-14,-6,371
380,2024-01-15,-14,364
381,2024-01-16,3,382
382,2024-01-17,-17,362
383,2024-01-18,16,396
384,2024-01-19,19,399
385,2024-01-20,-4,377
386,2024-01-21,1,383
387,2024-01-22,-18,364
388,2024-01-23,-15,368
389,2024-01-24,13,396
390,2024-01-25,-8,376
391,2024-01-26,10,395
392,2024-01-27,-2,383
393,2024-01-28,-2,384
394,2024-01-29,-15,371
395,2024-01-30,8,395
396,2024-01-31,-3,385
397,2024-02-01,-18,370
398,2024-02-02,-14,375
399,2024-02-03,7,396
400,2024-02-04,-16,374
401,2024-02-05,-17,374
402,2024-02-06,-7,384
403,2024-02-07,-15,377
404,2024-02-08,3,395
405,2024-02-09,4,397
406,2024-02-10,12,406
407,2024-02-11,-14,380
408,2024-02-12,-20,375
409,2024-02-13,11,406
410,2024-02-14,15,411
411,2024-02-15,18,415
412,2024-02-16,-16,381
413,2024-02-17,-3,395
414,2024-02-18,-16,382
415,2024-02-19,-15,384
416,2024-02-20,13,413
417,2024-02-21,-16,384
418,2024-02-22,10,411
419,2024-02-23,16,417
420,2024-02-24,1,403
421,2024-02-25,-11,392
422,2024-02-26,-9,394
423,2024-02-27,2,406
424,2024-02-28,-10,394
425,2024-02-29,-20,385
426,2024-03-01,-10,396
427,2024-03-02,14,420
428,2024-03-03,-12,395
429,2024-03-04,10,417
430,2024-03-05,-6,402
431,2024-03-06,-17,392
432,2024-03-07,-8,401
433,2024-03-08,-19,391
434,2024-03-09,14,424
435,2024-03-10,12,423
436,2024-03-11,-7,405
437,2024-03-12,-3,409
438,2024-03-13,10,423
439,2024-03-14,6,419
440,2024-03-15,-3,411
441,2024-03-16,3,418
442,2024-03-17,-15,400
443,2024-03-18,2,418
444,2024-03-19,18,434
445,2024-03-20,-8,409
446,2024-03-21,14,432
447,2024-03-22,-14,404
448,2024-03-23,17,436
449,2024-03-24,20,439
450,2024-03-25,-5,415
451,2024-03-26,-15,406
452,2024-03-27,4,425
453,2024-03-28,7,429
454,2024-03-29,17,439
455,2024-03-30,10,433
456,2024-03-31,11,435
457,2024-04-01,0,424
458,2024-04-02,0,425
459,2024-04-03,-18,407
460,2024-04-04,-17,409
461,2024-04-05,-10,417
462,2024-04-06,11,438
463,2024-04-07,9,437
464,2024-04-08,6,434
465,2024-04-09,-2,427
466,2024-04-10,10,440
467,2024-04-11,2,432
468,2024-04-12,19,450
469,2024-04-13,-11,420
470,2024-04-14,-3,429
471,2024-04-15,12,445
472,2024-04-16,1,434
473,2024-04-17,-12,422
474,2024-04-18,-13,421
475,2024-04-19,3,438
476,2024-04-20,-3,433
477,2024-04-21,2,438
478,2024-04-22,-17,420
479,2024-04-23,-13,424
480,2024-04-24,7,445
481,2024-04-25,0,439
482,2024-04-26,14,453
483,2024-04-27,-17,423
484,2024-04-28,-5,435
485,2024-04-29,-7,434
486,2024-04-30,-12,430
487,2024-05-01,9,451
488,2024-05-02,15,458
489,2024-05-03,16,459
490,2024-05-04,-13,431
491,2024-05-05,-17,428
492,2024-05-06,3,448
493,2024-05-07,-13,433
494,2024-05-08,-18,428
495,2024-05-09,12,459
496,2024-05-10,12,460
497,2024-05-11,6,454
498,2024-05-12,14,463
499,2024-05-13,9,458
500,2024-05-14,-12,438
501,2024-05-15,14,465
502,2024-05-16,-12,439
503,2024-05-17,-12,440
504,2024-05-18,-14,438
505,2024-05-19,-5,448
506,2024-05-20,2,456
507,2024-05-21,-6,448
508,2024-05-22,15,470
509,2024-05-23,10,465
510,2024-05-24,-16,440
511,2024-05-25,-13,444
512,2024-05-26,0,457
513,2024-05-27,4,462
514,2024-05-28,-4,454
515,2024-05-29,14,473
516,2024-05-30,-1,459
517,2024-05-31,3,463
518,2024-06-01,-8,453
519,2024-06-02,13,474
520,2024-06-03,19,481
521,2024-06-04,9,472
522,2024-06-05,-2,461
523,2024-06-06,-12,452
524,2024-06-07,12,476
525,2024-06-08,-17,448
526,2024-06-09,3,469
527,2024-06-10,-19,447
528,2024-06-11,-12,455
529,2024-06-12,11,478
530,2024-06-13,4,472
531,2024-06-14,-2,467
532,2024-06-15,-13,456
533,2024-06-16,-6,464
534,2024-06-17,1,471
535,2024-06-18,11,482
536,2024-06-19,6,478
537,2024-06-20,-13,459
538,2024-06-21,7,480
539,2024-06-22,10,483
540,2024-06-23,-15,459
541,2024-06-24,-7,468
542,2024-06-25,-15,460
543,2024-06-26,4,480
544,2024-06-27,3,479
545,2024-06-28,-3,474
546,2024-06-29,10,488
547,2024-06-30,-1,477
548,2024-07-01,12,491
549,2024-07-02,-5,474
550,2024-07-03,16,496
551,2024-07-04,-2,479
552,2024-07-05,20,501
553,2024-07-06,-2,480
554,2024-07-07,-20,462
555,2024-07-08,5,488
556,2024-07-09,12,496
557,2024-07-10,9,493
558,2024-07-11,0,485
559,2024-07-12,-13,472
560,2024-07-13,-9,477
561,2024-07-14,5,492
562,2024-07-15,12,499
563,2024-07-16,-15,473
564,2024-07-17,-5,483
565,2024-07-18,-6,483
566,2024-07-19,2,492
567,2024-07-20,10,500
568,2024-07-21,-2,489
569,2024-07-22,-3,488
570,2024-07-23,18,510
571,2024-07-24,-20,473
572,2024-07-25,-16,477
573,2024-07-26,-1,493
574,2024-07-27,-16,478
575,2024-07-28,5,500
576,2024-07-29,7,503
577,2024-07-30,11,507
578,2024-07-31,2,499
579,2024-08-01,1,498
580,2024-08-02,-4,494
581,2024-08-03,1,500
582,2024-08-04,-13,486
583,2024-08-05,4,504
584,2024-08-06,7,507
585,2024-08-07,-6,495
586,2024-08-08,5,507
587,2024-08-09,3,505
588,2024-08-10,-6,497
589,2024-08-11,14,517
590,2024-08-12,7,511
591,2024-08-13,2,507
592,2024-08-14,6,511
593,2024-08-15,-14,492
594,2024-08-16,-9,497
595,2024-08-17,6,513
596,2024-08-18,4,512
597,2024-08-19,-19,489
598,2024-08-20,-10,499
599,2024-08-21,-7,502
600,2024-08-22,7,517
601,2024-08-23,-2,509
602,2024-08-24,-1,510
603,2024-08-25,5,517
604,2024-08-26,-8,504
605,2024-08-27,-5,508
606,2024-08-28,-20,494
607,2024-08-29,11,525
608,2024-08-30,0,515
609,2024-08-31,-13,502
610,2024-09-01,14,530
611,2024-09-02,-3,514
612,2024-09-03,-9,508
613,2024-09-04,20,538
614,2024-09-05,-8,510
615,2024-09-06,-13,506
616,2024-09-07,-6,514
617,2024-09-08,-16,504
618,2024-09-09,-1,520
619,2024-09-10,3,524
620,2024-09-11,20,542
621,2024-09-12,6,529
622,2024-09-13,18,541
623,2024-09-14,-10,514
624,2024-09-15,14,538
625,2024-09-16,-17,508
626,2024-09-17,8,534
627,2024-09-18,-1,525
628,2024-09-19,9,536
629,2024-09-20,-12,515
630,2024-09-21,-2,526
631,2024-09-22,-13,516
632,2024-09-23,9,538
633,2024-09-24,18,548
634,2024-09-25,-19,511
635,2024-09-26,12,543
636,2024-09-27,14,546
637,2024-09-28,-15,517
638,2024-09-29,10,543
639,2024-09-30,-7,526
640,2024-10-01,-5,529
641,2024-10-02,20,555
642,2024-10-03,2,537
643,2024-10-04,1,537
644,2024-10-05,-6,530
645,2024-10-06,-3,534
646,2024-10-07,20,558
647,2024-10-08,-20,518
648,2024-10-09,8,547
649,2024-10-10,11,550
650,2024-10-11,-19,521
651,2024-10-12,-16,525
652,2024-10-13,10,551
653,2024-10-14,-13,529
654,2024-10-15,-13,529
655,2024-10-16,15,558
656,2024-10-17,-3,541
657,2024-10-18,-17,527
658,2024-10-19,8,553
659,2024-10-20,14,559
660,2024-10-21,-8,538
661,2024-10-22,6,553
662,2024-10-23,14,561
663,2024-10-24,-6,542
664,2024-10-25,2,550
665,2024-10-26,7,556
666,2024-10-27,-12,538
667,2024-10-28,-19,531
668,2024-10-29,17,568
669,2024-10-30,-15,536
670,2024-10-31,-2,550
671,2024-11-01,8,561
672,2024-11-02,-14,539
673,2024-11-03,11,565
674,2024-11-04,5,559
675,2024-11-05,9,564
676,2024-11-06,6,562
677,2024-11-07,1,557
678,2024-11-08,6,563
679,2024-11-09,3,560
680,2024-11-10,-11,547
681,2024-11-11,0,559
682,2024-11-12,3,562
683,2024-11-13,-4,556
684,2024-11-14,-10,550
685,2024-11-15,3,564
686,2024-11-16,6,568
687,2024-11-17,-12,550
688,2024-11-18,-2,561
689,2024-11-19,17,580
690,2024-11-20,-18,546
691,2024-11-21,20,585
692,2024-11-22,18,583
693,2024-11-23,-13,553
694,2024-11-24,-18,548
695,2024-11-25,-4,563
696,2024-11-26,16,584
697,2024-11-27,9,577
698,2024-11-28,9,578
699,2024-11-29,-10,559
700,2024-11-30,-17,553
701,2024-12-01,0,571
702,2024-12-02,-7,564
703,2024-12-03,-6,566
704,2024-12-04,9,581
705,2024-12-05,13,586
706,2024-12-06,8,582
707,2024-12-07,11,585
708,2024-12-08,-17,558
709,2024-12-09,14,589
710,2024-12-10,-7,569
711,2024-12-11,-19,558
712,2024-12-12,4,581
713,2024-12-13,17,595
714,2024-12-14,-10,568
715,2024-12-15,5,584
716,2024-12-16,3,583
717,2024-12-17,-7,573
718,2024-12-18,15,596
719,2024-12-19,-14,567
720,2024-12-20,8,590
721,2024-12-21,-13,570
722,2024-12-22,11,594
723,2024-12-23,-6,578
724,2024-12-24,11,595
725,2024-12-25,-1,584
726,2024-12-26,10,596
727,2024-12-27,15,601
728,2024-12-28,6,593
729,2024-12-29,14,601
730,2024-12-30,-15,573
731,2024-12-31,20,609
732,2025-01-01,16,605
733,2025-01-02,11,601
734,2025-01-03,8,598
735,2025-01-04,-18,573
736,2025-01-05,-4,588
737,2025-01-06,9,601
738,2025-01-07,-4,589
739,2025-01-08,10,603
740,2025-01-09,8,602
741,2025-01-10,2,597
742,2025-01-11,-3,592
743,2025-01-12,-14,582
744,2025-01-13,9,605
745,2025-01-14,-13,584
746,2025-01-15,18,616
747,2025-01-16,18,616
748,2025-01-17,4,603
749,2025-01-18,-18,581
750,2025-01-19,16,616
751,2025-01-20,1,602
752,2025-01-21,-9,592
753,2025-01-22,20,622
754,2025-01-23,-13,589
755,2025-01-24,10,613
756,2025-01-25,-8,596
757,2025-01-26,8,612
758,2025-01-27,-16,589
759,2025-01-28,15,620
760,2025-01-29,-8,598
761,2025-01-30,-13,594
762,2025-01-31,1,608
763,2025-02-01,-6,602
764,2025-02-02,4,612
765,2025-02-03,-15,594
766,2025-02-04,-18,592
767,2025-02-05,-10,600
768,2025-02-06,4,615
769,2025-02-07,10,621
770,2025-02-08,14,626
771,2025-02-09,13,626
772,2025-02-10,-7,606
773,2025-02-11,19,633
774,2025-02-12,8,622
775,2025-02-13,6,621
776,2025-02-14,0,616
777,2025-02-15,-15,601
778,2025-02-16,-7,610
779,2025-02-17,19,636
780,2025-02-18,-5,613
781,2025-02-19,16,635
782,2025-02-20,-8,611
783,2025-02-21,7,627
784,2025-02-22,4,624
785,2025-02-23,7,628
786,2025-02-24,5,627
787,2025-02-25,-6,616
788,2025-02-26,11,634
789,2025-02-27,-19,604
790,2025-02-28,16,640
791,2025-03-01,5,630
792,2025-03-02,-14,611
793,2025-03-03,3,629
794,2025-03-04,-10,616
795,2025-03-05,-20,607
796,2025-03-06,2,630
797,2025-03-07,17,645
798,2025-03-08,-12,617
799,2025-03-09,13,642
800,2025-03-10,4,634
801,2025-03-11,15,646
802,2025-03-12,0,631
803,2025-03-13,1,633
804,2025-03-14,13,645
805,2025-03-15,4,637
806,2025-03-16,17,651
807,2025-03-17,-7,627
808,2025-03-18,17,652
809,2025-03-19,-10,625
810,2025-03-20,-4,632
811,2025-03-21,-11,626
812,2025-03-22,7,644
813,2025-03-23,-11,627
814,2025-03-24,-12,626
815,2025-03-25,14,653
816,2025-03-26,-14,626
817,2025-03-27,-12,628
818,2025-03-28,20,661
819,2025-03-29,-15,626
820,2025-03-30,10,652
821,2025-03-31,1,644
822,2025-04-01,-3,640
823,2025-04-02,-9,635
824,2025-04-03,4,648
825,2025-04-04,-9,636
826,2025-04-05,20,666
827,2025-04-06,-17,629
828,2025-04-07,14,661
829,2025-04-08,-20,627
830,2025-04-09,8,656
831,2025-04-10,-7,642
832,2025-04-11,-10,639
833,2025-04-12,17,667
834,2025-04-13,0,650
835,2025-04-14,-10,641
836,2025-04-15,-5,647
837,2025-04-16,6,658
838,2025-04-17,-8,645
839,2025-04-18,-11,642
840,2025-04-19,7,661
841,2025-04-20,16,671
842,2025-04-21,-19,636
843,2025-04-22,10,666
844,2025-04-23,14,670
845,2025-04-24,-3,654
846,2025-04-25,8,666
847,2025-04-26,-4,654
848,2025-04-27,18,677
849,2025-04-28,-16,643
850,2025-04-29,18,678
851,2025-04-30,9,670
852,2025-05-01,-5,656
853,2025-05-02,-16,646
854,2025-05-03,6,668
855,2025-05-04,-19,644
856,2025-05-05,-13,651
857,2025-05-06,-15,649
858,2025-05-07,-15,650
859,2025-05-08,-7,658
860,2025-05-09,19,685
861,2025-05-10,-18,649
862,2025-05-11,20,687
863,2025-05-12,17,685
864,2025-05-13,0,668
865,2025-05-14,15,684
866,2025-05-15,13,683
867,2025-05-16,2,672
868,2025-05-17,-1,670
869,2025-05-18,-17,654
870,2025-05-19,17,689
871,2025-05-20,8,681
872,2025-05-21,-18,655
873,2025-05-22,-13,661
874,2025-05-23,-4,670
875,2025-05-24,-10,665
876,2025-05-25,-12,664
877,2025-05-26,11,687
878,2025-05-27,-4,673
879,2025-05-28,-4,673
880,2025-05-29,-20,658
881,2025-05-30,-14,665
882,2025-05-31,8,687
883,2025-06-01,-20,660
884,2025-06-02,-15,665
885,2025-06-03,6,687
886,2025-06-04,-16,666
887,2025-06-05,7,689
888,2025-06-06,11,694
889,2025-06-07,-4,679
890,2025-06-08,1,685
891,2025-06-09,16,701
892,2025-06-10,16,701
893,2025-06-11,-1,685
894,2025-06-12,1,687
895,2025-06-13,-2,685
896,2025-06-14,4,692
897,2025-06-15,-9,679
898,2025-06-16,2,691
899,2025-06-17,-8,681
900,2025-06-18,0,690
901,2025-06-19,9,700
902,2025-06-20,-5,686
903,2025-06-21,2,694
904,2025-06-22,-9,683
905,2025-06-23,-1,692
906,2025-06-24,-18,676
907,2025-06-25,-11,683
908,2025-06-26,18,713
909,2025-06-27,7,702
910,2025-06-28,11,707
911,2025-06-29,10,707
912,2025-06-30,11,708
913,2025-07-01,9,707
914,2025-07-02,-1,697
915,2025-07-03,-18,681
916,2025-07-04,17,717
917,2025-07-05,-13,687
918,2025-07-06,8,709
919,2025-07-07,-19,682
920,2025-07-08,8,710
921,2025-07-09,-7,696
922,2025-07-10,-4,699
923,2025-07-11,-19,685
924,2025-07-12,10,714
925,2025-07-13,-14,691
926,2025-07-14,-6,700
927,2025-07-15,-14,692
928,2025-07-16,-12,695
929,2025-07-17,-15,692
930,2025-07-18,18,726
931,2025-07-19,-20,689
932,2025-07-20,20,729
933,2025-07-21,-15,695
934,2025-07-22,9,719
935,2025-07-23,0,711
936,2025-07-24,-4,708
937,2025-07-25,-17,695
938,2025-07-26,-16,697
939,2025-07-27,-20,693
940,2025-07-28,10,724
941,2025-07-29,-1,714
942,2025-07-30,19,734
943,2025-07-31,-20,696
944,2025-08-01,8,724
945,2025-08-02,-17,700
946,2025-08-03,0,718
947,2025-08-04,10,728
948,2025-08-05,3,722
949,2025-08-06,5,724
950,2025-08-07,12,732
951,2025-08-08,-9,712
952,2025-08-09,-11,710
953,2025-08-10,-1,721
954,2025-08-11,-9,713
955,2025-08-12,12,735
956,2025-08-13,-20,704
957,2025-08-14,20,744
958,2025-08-15,12,737
959,2025-08-16,0,725
960,2025-08-17,8,734
961,2025-08-18,1,728
962,2025-08-19,-16,711
963,2025-08-20,11,739
964,2025-08-21,0,728
965,2025-08-22,-16,713
966,2025-08-23,-6,724
967,2025-08-24,6,736
968,2025-08-25,-11,720
969,2025-08-26,8,739
970,2025-08-27,-19,713
971,2025-08-28,-3,730
972,2025-08-29,-9,724
973,2025-08-30,-16,718
974,2025-08-31,-13,721
975,2025-09-01,12,747
976,2025-09-02,-14,722
977,2025-09-03,20,756
978,2025-09-04,8,745
979,2025-09-05,11,748
980,2025-09-06,4,742
981,2025-09-07,-13,726
982,2025-09-08,0,739
983,2025-09-09,19,759
984,2025-09-10,-15,725
985,2025-09-11,-11,730
986,2025-09-12,-17,725
987,2025-09-13,-1,741
988,2025-09-14,15,758
989,2025-09-15,-16,727
990,2025-09-16,-17,727
991,2025-09-17,-19,726
992,2025-09-18,18,763
993,2025-09-19,7,753
994,2025-09-20,13,759
995,2025-09-21,-10,737
996,2025-09-22,-10,738
997,2025-09-23,-13,735
998,2025-09-24,11,760
999,2025-09-25,-12,737
1000,2025-09-26,9,759
